{
    "answers": {
        "phase":"design",
        "action":"use case specification",
        "scope":"uml activity",
        "action experience": "big",
        "prog lang":"n/a",
        "other prog lang": "<fill in>",
        "tool": "chat gpt 4.x",
        "other tool": "<fill in>",
        "tool option": "full",
        "tool experience": "enough",
        "time allocated (h)": "20",
        "time saved estimate (h)": "5", 
        "quality of ai help": "minor modifications needed",
        "generic feeling": "great in the future",
        "notes": "<fill in>"
    }
}