{
    "answers": {
        "phase":"requirements specification",
        "action":"architectural decision",
        "scope":"uml deployment",
        "action experience": "none",
        "prog lang":"n/a",
        "other prog lang": "<fill in>",
        "tool": "chat gpt 4.x",
        "other tool": "<fill in>",
        "tool option": "full",
        "tool experience": "enough",
        "time allocated (h)": "3",
        "time saved estimate (h)": "5", 
        "quality of ai help": "minor modifications needed",
        "generic feeling": "great in the future",
        "notes": "<fill in>"
    }
}