{
    "answers": {
        "phase":  "testing",
        "action":  "unit testing",
        "scope":   "test execution scripts",
        "action experience":  "none",
        "prog lang": "js-node",
        "other prog lang": "<fill in>",
        "tool": "chat gpt 4.x",
        "other tool": "<fill in>",
        "tool option": "full",
        "tool experience": "enough",
        "time allocated (h)": "1",
        "time saved estimate (h)": "5", 
        "quality of ai help":  "minor modifications needed",
        "generic feeling":  "great as-is",
        "notes": "Used the tool to understand the differences between functional and unit testing and how to write unit tests for a function. The tool was very helpful in understanding the concepts and writing the tests"
    }
}