title_id	name_id	role_
tt0015414	nm0147437	Self
tt0015414	nm0615736	Self
tt0015724	nm0844752	Bruno
tt0015724	nm0869732	Sofía
tt0015724	nm0194720	Rolando Matute
tt0015724	nm0650495	Salomé
tt0038086	nm0279072	Kriminalassistent Egge
tt0038086	nm0002161	Kriminalrat Dietrich Dongen
tt0040844	nm0000248	Cowboy
tt0040844	nm0601146	Lem
tt0040844	nm0619265	Tex
tt0040844	nm0564502	Barbara
tt0059325	nm0383850	Lisa
tt0059325	nm0383850	Genannt Li
tt0059325	nm0753957	Alfred
tt0059325	nm0753957	Genannt Al
tt0059325	nm2535970	Mogul
tt0059325	nm0537007	Hans
tt0059900	nm1052658	Adam
tt0059900	nm0937760	Tember
tt0059900	nm0472545	Konstantin
tt0059900	nm0334635	Caroline
tt0065188	nm0286367	Vojta
tt0065188	nm0525656	Anezka
tt0065188	nm0230866	Blazena
tt0065188	nm0953822	Lojza
tt0067460	nm0091430	Self
tt0067460	nm0155034	Self
tt0067460	nm0821041	Self
tt0067460	nm0821043	Self
tt0068494	nm0496571	Doug
tt0068494	nm0792032	Tara
tt0070501	nm0487508	María
tt0070501	nm3012589	Juan Carlos
tt0070501	nm5672626	Mirta
tt0070501	nm0033058	Lodger
tt0073481	nm0000518	Deeley
tt0073481	nm0625075	Kate
tt0073481	nm0001669	Anna
tt0078006	nm0370209	Norman
tt0078006	nm0244139	Cameron
tt0078006	nm0730372	Ellen
tt0078006	nm0625196	Young Norman
tt0080039	nm0001657	Captain Daniel Nelson
tt0080039	nm0153223	General Natasha Alexandrovitch
tt0080039	nm0001088	Commissioner Potts
tt0080039	nm0943978	General Spelvin
tt0081145	nm0000732	Harry
tt0081145	nm0958406	Gary
tt0081145	nm0001592	Roy
tt0081145	nm0001550	Rose
tt0081721	nm0001409	Vincent Van Gogh
tt0081721	nm0678113	Josephine Tetley 'Jo'
tt0081721	nm0286612	Felix Murphy
tt0081721	nm0459325	Joris
tt0082473	nm0164950	Narrator
tt0082473	nm0044011	Narrator
tt0082473	nm0347858	Self
tt0082891	nm1362494	Man
tt0082891	nm1276357	Female
tt0082891	nm2236469	Guard
tt0082891	nm2236018	Next Man
tt0084015	nm0601374	Joe Martin
tt0084015	nm0393702	Billie Keale
tt0084015	nm0393222	Cook
tt0084015	nm0863154	Big Sharon
tt0084447	nm0292058	Frank
tt0084447	nm7896911	Michael
tt0084447	nm0146945	Maureen
tt0084447	nm0203219	Mrs. Odahrian
tt0084447	nm2235804	Mr. Odahrian
tt0084447	nm1558060	Man On Street
tt0084551	nm0156522	Shen
tt0084551	nm0943138	Monk Fa Da
tt0084551	nm0155599	Feng Yun-Tin
tt0084551	nm0490614	Head Of Da Hung Religion
tt0084638	nm0630113	Self
tt0084638	nm0912238	Self
tt0084638	nm0129816	Self
tt0084638	nm0320091	Self
tt0084638	nm0001396	Self
tt0084638	nm0447882	Self
tt0084638	nm0006168	Self
tt0084638	nm0538922	Self
tt0084638	nm0607316	Self
tt0084870	nm0210701	Self
tt0084870	nm2578362	Self
tt0084870	nm0535166	Narrator
tt0088267	nm0438071	Film Director
tt0088267	nm0482580	The Master
tt0088267	nm0939153	Gigi Wong
tt0088267	nm0939153	Evil Woman
tt0088267	nm0793008	Ma Sheung Fung
tt0088267	nm0939065	Tortoise
tt0088267	nm0938893	Ben
tt0088283	nm0296260	Hübner
tt0088283	nm0726258	Zimmermann
tt0088283	nm0459031	Rödel
tt0088283	nm0089760	Sonja Wilke
tt0088656	nm0866697	Iris
tt0088656	nm0492496	Iris (1994)
tt0088656	nm0960690	Iris
tt0088656	nm0299192	Leon
tt0088657	nm0299192	Leon
tt0088657	nm0376316	Leon (1994)
tt0088657	nm0603105	Leon (1995)
tt0088657	nm0559640	Gina
tt0090144	nm0265853	Narrateur
tt0090144	nm10165788	Self
tt0090665	nm0099277	Noura
tt0090665	nm0012399	Si Azzouz Noura'S Father
tt0090665	nm0069871	Jamila Noura'S Mother
tt0090665	nm0238091	Salih
tt0090780	nm0191906	Dakota Duke
tt0090780	nm0191906	Saddlesore Scorpion
tt0090780	nm0191906	Skull Duggery
tt0090780	nm0071818	Cowlarado Kid
tt0090780	nm0137627	Additional Voices
tt0090780	nm0000347	Barney Finkleberg
tt0090785	nm0371824	Peter Macari
tt0090785	nm0050482	Captain Richie
tt0090785	nm0292420	Captain Howson
tt0090785	nm0452352	Ray Poynting
tt0091490	nm1293725	Self
tt0091490	nm0599806	Self
tt0091490	nm2616328	Self
tt0091899	nm0069683	Glória Campos
tt0091899	nm0135629	Álvaro Aguiar
tt0091899	nm0135629	Anjo
tt0091899	nm0537345	Guido Falcone
tt0091899	nm0263083	Madame Ming
tt0092024	nm0601377	Carlos
tt0092024	nm0893941	Viernes
tt0092024	nm0891892	Rosa
tt0092024	nm0385860	Luis
tt0092507	nm0482320	Hari
tt0092507	nm0482320	Hari Annan
tt0092507	nm0788152	Shekhar
tt0092507	nm0025618	Amar Bakhia
tt0092589	nm0321557	Sonia
tt0092589	nm0321557	Lucille
tt0092589	nm0391218	Ivan
tt0092589	nm0391218	Fyodor
tt0092589	nm0860651	Doc Wop Group (Doo Wop Group?)
tt0092589	nm0791829	Doc Wop Group (Doo Wop Group?)
tt0092926	nm0573712	Mic
tt0092926	nm0573708	Martin
tt0092926	nm2439686	Jake
tt0092926	nm3961708	Fat Man
tt0092984	nm0654843	Faustino Monegros
tt0092984	nm0174290	Abelardo
tt0092984	nm0713999	Miguel
tt0092984	nm0953623	Rafaela
tt0093099	nm0732550	Self - Interviewer
tt0093210	nm0621551	Doña Cuca
tt0093210	nm0006842	Don Pedro De Limantour
tt0093210	nm0274713	Chabelita (Isabel Freiman)
tt0093210	nm0622179	Pepe 'El Tuercas'
tt0093210	nm0745495	Sr. Rotzinger
tt0093211	nm2032474	Young Man
tt0093211	nm0285970	Nailhead
tt0093211	nm2027528	Young Woman
tt0093309	nm0482580	Master Gau
tt0093309	nm0157785	Chou Sheng
tt0093309	nm0939309	Man Choi
tt0093309	nm0628731	Lai
tt0093508	nm0600120	Cambrer
tt0093508	nm0596757	Maite
tt0093508	nm0839955	Ferran
tt0093508	nm0673822	Xavi
tt0093508	nm0127923	Magda
tt0093508	nm0785565	Mare
tt0093508	nm0109131	Pare
tt0093572	nm0001789	Self
tt0093572	nm0346096	Self
tt0093572	nm0812546	Narrator
tt0093646	nm0631741	Bookseller
tt0093646	nm0798071	Bookseller'S Wife
tt0093646	nm0750234	Wife'S Lover
tt0093646	nm2963810	Girl
tt0094004	nm0338715	Vincent Miles
tt0094004	nm0338715	Johnny Hondo
tt0094004	nm0857163	Professor Rossi
tt0094004	nm0314789	Hamlulu
tt0094004	nm0490270	Lucy
tt0094004	nm0229302	Zilinsky
tt0094376	nm0473322	The General
tt0094376	nm0451195	Inspector Yang Lei-Ching
tt0094376	nm0628747	David Ng
tt0094376	nm0465020	May
tt0094376	nm0516316	Alan'S Godfather
tt0094666	nm0001698	Leon Abrahams
tt0094666	nm0382676	Erich Schiller
tt0094666	nm0382676	Ernst Bauricke
tt0094666	nm0000214	Gerlind
tt0094666	nm0503627	Herb Denner
tt0094688	nm0045557	Leo
tt0094688	nm0220338	Janou
tt0094688	nm0874820	Milos
tt0094688	nm0917601	Clara
tt0094808	nm0921201	Peter Thaler
tt0094808	nm0921202	Christoph Thaler
tt0094808	nm0746931	Katja Thaler
tt0094808	nm0369613	Marie Luise Thaler
tt0094841	nm0862026	Adelina
tt0094841	nm0750874	Andrea
tt0094841	nm0134073	Avvocato
tt0094841	nm0298553	Sister Of Nunzia
tt0094857	nm0008027	Mr. Ko'S Man
tt0094857	nm0155455	Yan Yan
tt0094857	nm1357132	Small Devil
tt0094857	nm0156509	Billy
tt0094874	nm0161165	Fat Constable
tt0094874	nm0514961	Thin Constable
tt0094874	nm2843375	Jackie
tt0094874	nm4914110	Chu
tt0094900	nm0642198	Susan Manning
tt0094900	nm0001233	Dr. Desmond Moore
tt0094900	nm0934750	Dr. Magnus Quilly
tt0094900	nm0657676	Ronnie
tt0094926	nm0662321	Luke Ward
tt0094926	nm0722407	Vickie Phillips
tt0094926	nm0485485	Hashim
tt0094926	nm0792807	Emilio Ferrari
tt0094997	nm0357020	Professor Paul Evans
tt0094997	nm0716657	Liza Harris
tt0094997	nm0758031	Turi Desimone
tt0094997	nm0257211	Susie
tt0095006	nm0064586	Siska Torot
tt0095006	nm0101208	Tom Berto
tt0095006	nm0193632	Maria Turot
tt0095006	nm0122780	Reynold Turot
tt0095095	nm0810342	Fitz
tt0095095	nm1089443	Tony
tt0095095	nm0304395	George
tt0095095	nm0236846	Roman
tt0095102	nm2237998	Shop Clerk
tt0095102	nm2682434	Robber
tt0095102	nm0473923	Shop Clerk
tt0095102	nm1062273	Guard
tt0095111	nm0618591	Sakina
tt0095111	nm0952304	Montaser
tt0095111	nm1507045	Sabah
tt0095111	nm0264364	Ismail
tt0095111	nm1052596	Qenawi
tt0095111	nm1001360	Salem
tt0095111	nm0592804	Amran
tt0095201	nm0324067	Gaspard
tt0095201	nm0503201	Claude
tt0095201	nm0589026	Evelyne
tt0095201	nm0894061	Lulu
tt0095335	nm1679159	Stephen
tt0095335	nm0438071	Li Tian-Sin
tt0095335	nm0401192	Annie
tt0095335	nm0526714	Chen Wei
tt0095335	nm1249211	Amy
tt0095335	nm0972954	Mable
tt0095394	nm0181496	Priest Santiago
tt0095394	nm0749113	Priest'S Sister
tt0095394	nm0587405	Spanish Conqueror
tt0095450	nm0504899	Wang Yisheng
tt0095450	nm0762632	Ching
tt0095450	nm1789975	Tv Show Hostess
tt0095571	nm0036732	The Lover
tt0095571	nm0532024	The Teacher
tt0095661	nm0803446	Viktor
tt0095661	nm0755652	Maria
tt0095661	nm0296594	Anna
tt0095661	nm0952010	Lisbeth
tt0095671	nm0252655	Lázaro
tt0095671	nm0097427	Gustavo
tt0095671	nm0643505	Alicia
tt0095671	nm0761119	Elena
tt0095672	nm0248364	Juan
tt0095672	nm0761709	Oduwote
tt0095672	nm0544330	Manolita
tt0095672	nm0599640	Willy
tt0095673	nm0616385	Gonzalo Ibarrola
tt0095673	nm0297764	Sakti
tt0095673	nm0180580	Josecho
tt0095673	nm0303574	Natalie
tt0095674	nm0094625	Juan
tt0095674	nm0854007	Adelaida
tt0095674	nm0273178	Mateo
tt0095674	nm0064189	Adan Sidiki
tt0095745	nm3625270	Samantha 'Sam' Martin
tt0095745	nm0520416	Jesse
tt0095745	nm0102118	Chris Mason
tt0095745	nm0035650	Waitress
tt0095761	nm0707466	Martin
tt0095761	nm0603402	Hélène Sauveterre
tt0095761	nm0785264	Claire
tt0095761	nm0812556	Maria
tt0095783	nm0000642	Maria
tt0095783	nm0413195	Nick
tt0095783	nm0420143	Terry
tt0095783	nm0954865	Spiro
tt0095840	nm0734458	Jason Shephard
tt0095840	nm0234831	Evelyn Reed
tt0095840	nm0191735	Senator Nathan
tt0095840	nm0138966	Donna Nathan
tt0095902	nm0061528	Clancy
tt0095902	nm0337945	Ann Williams
tt0095902	nm0508880	Frank Draney
tt0096025	nm0887511	Hilde
tt0096025	nm0210918	Guy
tt0096025	nm0508085	Paul
tt0096025	nm0932904	Anna
tt0096035	nm0000959	Ryan
tt0096035	nm0889250	Dix
tt0096035	nm2893206	Estelle
tt0096035	nm0719484	Gas Station Attendant
tt0096075	nm0217709	Barbara
tt0096075	nm0172662	Ivy Barrington
tt0096075	nm0529095	Boopsie
tt0096075	nm0829384	Jackson
tt0096075	nm0665856	Damon
tt0096075	nm0366573	Beth
tt0096090	nm0945189	Cheung Wai-Lum
tt0096135	nm6716762	Anne
tt0096135	nm0131472	Mrs. Fry
tt0096135	nm0153289	Mrs. Middleton
tt0096135	nm6716760	Neil
tt0096154	nm0450116	Jim
tt0096154	nm0000481	Isabelle
tt0096154	nm0005162	Mac
tt0096154	nm0002663	Alice
tt0096174	nm0816298	Stela Loncar
tt0096174	nm0491551	Mato Herceg
tt0096174	nm0471771	Mijo Loncar
tt0096174	nm0001245	Lucija
tt0096177	nm0001263	Peter Sherwood
tt0096177	nm0824763	Nellie Ambrose
tt0096177	nm0791156	Teddy Bullock
tt0096177	nm0001200	Billy
tt0096222	nm0510903	Lin Chi-Yin
tt0096222	nm0156522	Miss Chang
tt0096222	nm0156467	Chang Yichien
tt0096222	nm0628806	Director Ching Monta
tt0096345	nm0535421	Andi
tt0096345	nm0374610	Micha
tt0096345	nm0500529	Thomas
tt0096345	nm0009436	Katherina
tt0096346	nm0182465	Fabian
tt0096346	nm0351518	Junge
tt0096346	nm0777560	Wirtin
tt0096346	nm0871219	Andrea
tt0096361	nm0619179	Miyu
tt0096361	nm0586528	Larva
tt0096361	nm0644527	Reiha
tt0096361	nm0644527	Matsukaze
tt0096361	nm0794211	Chisato Inoue
tt0096362	nm0619179	Miyu
tt0096362	nm0586528	Larva
tt0096362	nm0644527	Reiha
tt0096362	nm0644527	Matsukaze
tt0096362	nm0794211	Chisato Inoue
tt0096363	nm0619179	Miyu
tt0096363	nm0586528	Larva
tt0096363	nm0644527	Reiha
tt0096363	nm0644527	Matsukaze
tt0096363	nm0794211	Chisato Inoue
tt0096397	nm4240629	Lewis
tt0096405	nm0703438	Susan
tt0096405	nm0654110	Jake
tt0096405	nm0000667	Ringe
tt0096405	nm0452950	Kate
tt0096469	nm0960013	Ying
tt0096469	nm0516240	Rabbit
tt0096469	nm0504908	Cherry
tt0096500	nm0262253	Viscount Gontrand De Signoles
tt0096500	nm0482261	Inspector
tt0096500	nm0649121	Cesar - Viscount'S Butler
tt0096500	nm3136120	Doctor Laca Sagne
tt0096513	nm0150894	James
tt0096513	nm0161275	Bond
tt0096513	nm0594226	Sergeant Tai Hwa Wang
tt0096513	nm0960013	Tequila
tt0096749	nm0218844	Camilla
tt0096749	nm0174223	Marcello
tt0096749	nm0027559	Lilli
tt0096752	nm0778016	Barbara 'Bärbel' Hunzinger
tt0096752	nm0356847	Karl Lechner
tt0096752	nm0778265	Annamirl Hunzinger
tt0096752	nm0226207	Huntziger
tt0096763	nm0648508	Diane Hoffer
tt0096763	nm0852115	Sonja
tt0096763	nm0128880	Sonja'S Roommate
tt0096763	nm0000440	Prostitute
tt0096763	nm0909145	Joey
tt0096763	nm0395121	Richard Hoffer
tt0096763	nm0410010	Bobby Hoffer
tt0096767	nm0231120	Brad Stevens
tt0096767	nm0562927	Jo
tt0096767	nm0767227	George
tt0096767	nm0449044	Helmut
tt0096775	nm1948875	Janta'S Son
tt0096775	nm0025389	Gulabchand Jhakotia
tt0096775	nm0025627	D'Souza
tt0096775	nm0044796	Inspector S.P. 'Zanjeerwala' Jagdishan
tt0096781	nm0071007	Gordon Turnbull
tt0096781	nm0768488	Rittblatt
tt0096781	nm0912046	1St Sierra Driver
tt0096781	nm0413811	Larry Driver
tt0096781	nm0298089	Alan Trent
tt0096781	nm0045661	Arlene Trent
tt0096786	nm0001821	Commander
tt0096786	nm0492342	Ward Armstrong
tt0096786	nm0353448	Kol
tt0096786	nm0650969	Orrie
tt0096797	nm0540977	Joelle
tt0096797	nm0211922	Frans
tt0096797	nm0134520	Charles
tt0096797	nm0087749	La Cameriera
tt0096811	nm0874676	Bob
tt0096811	nm0910709	Candy
tt0096811	nm0939209	Big Eyes
tt0096811	nm1036259	Wah
tt0096817	nm0065352	Sara
tt0096817	nm0001836	Rickie Michelson
tt0096817	nm0261493	Tonio
tt0096817	nm0931015	Thomas Michelson
tt0096825	nm0172662	Kelly
tt0096825	nm0479728	Michael
tt0096825	nm0253489	Vince
tt0096825	nm0132018	Peter
tt0096830	nm0951145	Conde Capra Negra
tt0096830	nm0757824	Antoine
tt0096830	nm0959377	Nicole Darquier
tt0096830	nm0289665	Secretario
tt0096837	nm0706883	Hank Knight
tt0096837	nm0001990	Elena
tt0096837	nm0346415	Lee Kohler
tt0096837	nm0075359	John Patrick Earl
tt0096838	nm0323203	Gambrini
tt0096838	nm0723204	Carlotta
tt0096838	nm0232746	Maria
tt0096838	nm0691316	Pasquale
tt0096857	nm0501602	Marie-Antoinette
tt0096857	nm0156228	Herman
tt0096857	nm0581832	Fouquier-Tinville
tt0096857	nm0006573	D'Estaing
tt0096858	nm0033473	Valeria Nikolayeva - 'Avariya'
tt0096858	nm0407959	Aleksey Nikolayev - Otets Valerii
tt0096858	nm0903939	Vera Nikolayeva - Mama Valerii
tt0096858	nm0665169	Ded Valerii
tt0096859	nm0814773	Arpagone
tt0096859	nm0000773	Frosina
tt0096859	nm0019859	Mariana
tt0096859	nm0013310	Don Paolini
tt0096860	nm0531511	Vittorio
tt0096860	nm0812556	Laura
tt0096860	nm0163223	Alex
tt0096860	nm0799298	Domingo Villaverde
tt0096864	nm0000608	B.L. Stryker
tt0096864	nm0436715	Lynda Lennox
tt0096864	nm0001115	Oz Jackson
tt0096864	nm0000756	Dawn St. Claire
tt0096871	nm0260434	Yanka
tt0096871	nm0802488	Lohman
tt0096871	nm0303145	Richard
tt0096871	nm0315136	Rosette
tt0096875	nm0000454	Milo
tt0096875	nm0000149	Anne Benton
tt0096875	nm0001777	John Luponi
tt0096875	nm0001637	Mr. Avoca
tt0096877	nm0001233	Madero
tt0096877	nm0001421	Wilson
tt0096877	nm0721073	Ramos
tt0096877	nm0002066	Andres
tt0096879	nm0952498	Andrzej Roszak
tt0096879	nm0689307	Basia
tt0096879	nm0084402	Pszoniak - Journalist
tt0096879	nm0161568	Kasia
tt0096883	nm0004677	Roosevelt Prophet
tt0096883	nm0051866	Rocky Plato
tt0096883	nm0079729	Gunman
tt0096883	nm2460376	Junkyard Hood
tt0096910	nm0916830	Self
tt0096937	nm0947236	Vladimir Dubrovskiy
tt0096937	nm0958461	Marya Kirilovna
tt0096937	nm0759962	Kirila Troekurov
tt0096937	nm0492253	Andrey Dubrovskiy
tt0096954	nm0514181	Myles Sheffield
tt0096954	nm0025177	Virginia Sheffield
tt0096954	nm0930786	Kevin Lynch
tt0096954	nm0861013	Mary Huston
tt0096984	nm0096844	Nikolay Tyulpanov
tt0096984	nm0096844	Actor
tt0096984	nm0955664	Vasily
tt0096984	nm0955664	Actor
tt0096984	nm0873129	Ivan Ivanovich Daganovsky
tt0096984	nm0873129	Actor
tt0096984	nm0663727	Drunken Farmer
tt0096992	nm0875086	Alisa Aleeva
tt0096995	nm0278752	Jake Stern
tt0096995	nm0001550	Patti Smart
tt0096995	nm0649957	James Manners
tt0096995	nm1986110	Doc Roberts
tt0097004	nm0503418	Blonde Escapee
tt0097004	nm0192003	Spyder
tt0097004	nm1489774	Beth
tt0097004	nm0167572	Spice
tt0097049	nm0451422	Dmitriy Puzyryov - Chastnyy Detektiv
tt0097049	nm0272164	Lena - Zhurnalistka
tt0097049	nm0592806	Georgiy Mikhaylovich - Otets Ídimy
tt0097049	nm0535295	Viktor - Khozyain Tualeta «Komfort»
tt0097057	nm0035605	Stefano
tt0097057	nm0147699	Mr. Thomas
tt0097057	nm0188928	Mrs. Jones
tt0097057	nm0242026	Eirwen
tt0097062	nm0059800	Tolik - Mitya'S Neighbour
tt0097062	nm0238454	Aleksandra
tt0097062	nm0008311	Aleksandra'S Boyfriend
tt0097062	nm5734690	Mitya - Aleksandra'S Neighbour
tt0097062	nm0953982	Aleksandra'S Father
tt0097062	nm0767567	Aleksandra'S Mother
tt0097066	nm0809919	Patty Hearst
tt0097066	nm0751942	Cinque
tt0097066	nm0416414	Teko
tt0097066	nm0777275	Yolanda
tt0097079	nm0913993	Father Jim
tt0097079	nm0002032	Keith Gibson
tt0097079	nm0212939	Stan Lubinski
tt0097079	nm0140351	Paco
tt0097106	nm0500984	Gildas
tt0097106	nm0856778	Jeanne
tt0097106	nm0703364	Igor
tt0097106	nm0201151	Natacha
tt0097106	nm0071744	Ève
tt0097106	nm0732231	Gaëlle
tt0097111	nm0142517	Dino
tt0097115	nm0146258	Heidi
tt0097115	nm0000221	Peter
tt0097115	nm8470202	Ursula
tt0097115	nm0822974	Ilsa
tt0097122	nm0783744	Bar Owner
tt0097122	nm0895669	Poncio Branco
tt0097122	nm1124665	Almiro
tt0097122	nm0609295	Amélia
tt0097129	nm0372556	Rick Kagan
tt0097129	nm0821305	Zach Kapinski
tt0097129	nm0809544	Joe Kapinski
tt0097129	nm0920460	Steve Sinclair
tt0097140	nm0401247	Paul Cézanne
tt0097140	nm0833708	Joachim Gasquet
tt0097176	nm0680773	Eve Bendibuckle
tt0097176	nm0919256	Bailey
tt0097176	nm0919256	Farnsworth Iii
tt0097176	nm0667182	Brick Bardo
tt0097176	nm0214519	Wilma Fernbacker
tt0097184	nm0000388	Col. Joe Haines
tt0097184	nm0001821	Andy Buck
tt0097184	nm0263583	Sharon Gale
tt0097184	nm0114422	Admiral
tt0097204	nm0888824	Karen Vincke
tt0097204	nm0508085	Jan Rijckaert
tt0097204	nm0318584	Thomas Rijckaert
tt0097204	nm0389109	Jef Mees
tt0097218	nm0540585	Angel
tt0097218	nm7743935	Dog Handler
tt0097218	nm7049488	Man In Crowd
tt0097246	nm0622608	Günter Beck
tt0097246	nm0769447	Leutnant König
tt0097246	nm0862982	Hauptmann Böhme
tt0097246	nm0770787	Oberst Reuter
tt0097253	nm0836136	Johnny Pollack
tt0097253	nm0678218	Klara Glushko
tt0097253	nm0438712	Mishka Yaponchik (Mike The Little Jap)
tt0097253	nm0326656	Mick Nich (Mikita Nichiporuk)
tt0097259	nm0821734	Frank Davies
tt0097259	nm0821734	Alex Anderson
tt0097259	nm0000826	Jade Anderson
tt0097259	nm0593192	Eddie
tt0097259	nm1441968	Martin
tt0097280	nm0118940	Anne
tt0097280	nm0778005	Roswitha
tt0097280	nm1117849	Küster
tt0097280	nm0481807	Pastor
tt0097298	nm0000685	Edward
tt0097298	nm0000685	James
tt0097298	nm0000800	Romi
tt0097298	nm0000800	Sean
tt0097298	nm0000979	King
tt0097298	nm0000979	Eric
tt0097298	nm0203308	Dahlia
tt0097298	nm0203308	Valerie
tt0097310	nm0106601	The Anitiquarian
tt0097310	nm0356441	Anna
tt0097310	nm13887837	The Messenger
tt0097318	nm0551062	Klaus
tt0097318	nm0006984	Kashani
tt0097318	nm0949985	Prince Malko Linge
tt0097318	nm0809544	Elko
tt0097324	nm0589865	Hermann-Josef Klefisch
tt0097324	nm0126651	Michael 'Mike' Döpper
tt0097324	nm0409708	Freya Logones
tt0097324	nm0906281	Hagen Borchert
tt0097339	nm0001884	Joe Mueller
tt0097339	nm0237958	Anne Winton
tt0097339	nm0086611	Iya Zetnick
tt0097339	nm0414646	Bobby Winton
tt0097346	nm0798779	Asa Kaufman
tt0097346	nm0000952	Clifford Byrne
tt0097346	nm0835916	Sarah Atchison
tt0097346	nm0871240	Jerry Leavy
tt0097348	nm0159507	Cheung Lon
tt0097348	nm0159507	Cockroach
tt0097348	nm0151155	Fei
tt0097348	nm0159514	Mandy
tt0097348	nm0793008	Guts
tt0097362	nm0001626	Narrated By
tt0097362	nm0307672	Narration
tt0097362	nm0432419	Emperor Qin
tt0097362	nm9928014	Prime Minister
tt0097365	nm0613741	Flesh Gordon
tt0097365	nm0446833	Dale Ardor
tt0097365	nm0871439	Dr. Flexi Jerkoff
tt0097365	nm0402669	Evil Presence
tt0097394	nm0490489	Wah
tt0097394	nm0611315	Jone
tt0097394	nm0848355	Robin
tt0097394	nm0005033	Brother Hung
tt0097405	nm0508293	Thomas Bastide
tt0097405	nm0815713	Stéphane Miran
tt0097405	nm0439720	Carole Larcher
tt0097405	nm0553027	Jérôme
tt0097416	nm0222150	Prabhu
tt0097416	nm0619324	Shruti
tt0097416	nm0883014	Prabhu'S Friend
tt0097416	nm0004416	Prabhu'S Father
tt0097436	nm0008895	Rita Matchless
tt0097436	nm2868215	Sorcière Et Superman
tt0097436	nm2866182	Brenda Stuka
tt0097436	nm0468007	Le Paralytique
tt0097451	nm0020049	Géo Paquet 'Le Gorille'
tt0097451	nm0673749	Berthomieu 'Le Vieux'
tt0097451	nm0584744	Béatrice
tt0097451	nm0492342	Le Finlandais
tt0097475	nm0539164	Gergõ Ferenc
tt0097475	nm0373815	Payer Zsuzsa
tt0097475	nm0117814	Nagy Béla
tt0097475	nm0617378	Wágner Sándor
tt0097479	nm0179959	Chris
tt0097479	nm0974407	John
tt0097479	nm0602941	Rick
tt0097479	nm0287076	Alan
tt0097505	nm0765020	Nancy
tt0097505	nm0118723	Brenda
tt0097505	nm0249879	Alex
tt0097505	nm0253489	Albert Corey
tt0097505	nm0886924	Sonny
tt0097505	nm0807812	Mr. Wilson
tt0097506	nm0000981	Budetzky
tt0097506	nm0484727	Polizei-Chefin
tt0097506	nm0003167	M.K.
tt0097506	nm0003167	M.J.
tt0097506	nm0902539	Vikki
tt0097516	nm0000259	Candy Chandler
tt0097516	nm0599260	Zwing Zwiner
tt0097516	nm0214430	Walter
tt0097516	nm0942565	Woody O'Neil
tt0097519	nm0040545	David
tt0097519	nm0785264	Lynda
tt0097519	nm0392913	Jordi
tt0097519	nm0868344	Fran
tt0097525	nm0118345	Hopnick
tt0097535	nm0490642	Wai
tt0097535	nm0150862	Hung
tt0097535	nm0151155	Ma-Yee
tt0097535	nm0151068	Liu Chuan-Hau
tt0097535	nm0156902	Female Triad In Health Club
tt0097550	nm0607403	Noddy
tt0097550	nm0633457	Kim
tt0097550	nm0255573	Inspector Cleaver
tt0097550	nm0000355	Priest
tt0097566	nm0325269	Paul Celan
tt0097571	nm0728012	Karen Olsen
tt0097571	nm0128455	Yopper
tt0097571	nm0363744	Irene
tt0097571	nm0384169	Alfie Olsen
tt0097571	nm0389700	Micky Molloy
tt0097571	nm0426173	Dandy Mac
tt0097573	nm0504467	Scott Bruin
tt0097573	nm0755124	Kimberly Shawn
tt0097573	nm0001743	Ken Strom
tt0097573	nm0859921	Phil
tt0097578	nm0394767	Imbi
tt0097578	nm0799594	Young Imbi
tt0097578	nm0453026	Father
tt0097578	nm0471829	Uncle
tt0097585	nm0248408	Juan
tt0097585	nm0346270	Roberto
tt0097585	nm0622959	Berta
tt0097585	nm0736344	Gabriela
tt0097615	nm1135053	Biquette
tt0097615	nm1135053	L'Épouse De Gégé
tt0097615	nm0036058	Nini
tt0097615	nm0036058	Ouvrière
tt0097615	nm0038450	Pitiou
tt0097615	nm0038450	Contremaître
tt0097615	nm2010970	Père André
tt0097619	nm3736078	Mr. Hung
tt0097619	nm0000334	Lam Bo Sun
tt0097619	nm0000334	Mr. Stink
tt0097619	nm0151827	Hung Leung Yuk
tt0097619	nm0508327	Cindy Chan
tt0097619	nm0155593	Jim Hsu
tt0097631	nm0001285	Judge Callow
tt0097631	nm0189536	Judge Chelsea Walker
tt0097631	nm0000947	Tiffany Powers
tt0097631	nm0491590	Dallas Hale
tt0097638	nm0939209	Crazy Bill
tt0097638	nm2260417	Hong Sam-Kwai
tt0097638	nm2260417	Happy Ghost
tt0097638	nm0945953	Annie
tt0097638	nm0939079	Kit
tt0097638	nm0939079	'Behind' Band Member
tt0097638	nm0939172	Man
tt0097638	nm0939172	'Behind' Band Member
tt0097638	nm0939181	Ying
tt0097638	nm0939181	'Behind' Band Member
tt0097638	nm0948146	Mo
tt0097638	nm0948146	'Behind' Band Member
tt0097638	nm0490614	Crazy Kwan Yeung
tt0097644	nm0532536	Piotr Nowosad
tt0097644	nm0468683	Barbara Nowosad
tt0097644	nm0413001	Mateusz Nowosad
tt0097644	nm0333275	Stefan Sapieja
tt0097655	nm0000516	Mike Gable
tt0097655	nm0001820	Louis Keaton
tt0097655	nm0725543	Jake
tt0097655	nm0842884	Susan
tt0097666	nm0259673	Serial Killer
tt0097666	nm0098327	Ashe
tt0097666	nm0510198	Kelly
tt0097666	nm0187640	Calvin
tt0097668	nm0001321	King George Ii
tt0097668	nm0413559	Queen Caroline
tt0097668	nm0277975	Edward Coke
tt0097668	nm0000256	Hannah Coke
tt0097683	nm0460063	Edward Chruscik
tt0097683	nm1230714	Woman
tt0097683	nm0054007	Chruscik'S Assistant
tt0097683	nm0082200	Antoni
tt0097697	nm0220729	Attila
tt0097697	nm0457939	Margó
tt0097697	nm0215074	Ildi
tt0097697	nm0027984	Férfi A Hajón
tt0097720	nm0148061	Earl Beaudry
tt0097720	nm0322584	Kirby Frye
tt0097720	nm0395398	Dandy Jim
tt0097720	nm0129564	Rustler
tt0097726	nm0909734	Billy Hamilton
tt0097726	nm0620878	Queen Diana
tt0097726	nm0140439	Alison
tt0097726	nm0210477	Lyle Wagner
tt0097738	nm0094620	El Angel Enmascarado
tt0097738	nm0650881	Juan J. Luna
tt0097738	nm0737938	Emilia
tt0097738	nm0604294	Lina Roma
tt0097743	nm0015264	Self
tt0097743	nm0108348	Self
tt0097743	nm1135458	Self
tt0097743	nm1129734	Self
tt0097765	nm0496118	Zefir
tt0097765	nm0496118	Odrasli Gustav
tt0097765	nm0631910	Grofica
tt0097765	nm0816296	Ujak
tt0097765	nm0688072	Toncika
tt0097769	nm0000199	Graham
tt0097769	nm0002117	Ray
tt0097769	nm0536850	David
tt0097769	nm0383449	Drunk Man
tt0097775	nm0001472	Jet
tt0097775	nm0950757	Uncle Tak
tt0097775	nm0477215	May
tt0097775	nm0872864	Jonny
tt0097783	nm0801625	Mr. Hadleigh
tt0097783	nm0569429	Mike
tt0097783	nm0790606	Ngaire
tt0097802	nm0344081	Mado
tt0097802	nm0946160	Jean-Marie
tt0097802	nm0350746	Germaine
tt0097802	nm0201669	Le Berger
tt0097803	nm0000532	Walter Goldberg
tt0097803	nm0002198	Romualdi
tt0097803	nm0275138	Dolores
tt0097803	nm0494407	Le Directeur De L'Opéra
tt0097820	nm0031785	Lulu
tt0097820	nm0351685	Johny
tt0097820	nm0480918	Fredo
tt0097820	nm0557145	Abdel
tt0097822	nm0000596	William Wallace
tt0097822	nm0557281	Julia Wallace
tt0097822	nm0948772	Amy Wallace
tt0097822	nm0313702	Det. Supt. Moore
tt0097833	nm0684808	Ola Kos
tt0097833	nm0093202	Bronka
tt0097833	nm1670299	Maciek Ankiewicz
tt0097833	nm0327290	Jacek Zybiga
tt0097848	nm0161500	The Mother
tt0097848	nm0707618	Pavel Viassov
tt0097848	nm0490708	The Father
tt0097850	nm0001917	Don Chinto
tt0097850	nm0650881	Inés
tt0097850	nm0529931	Palancares
tt0097850	nm0704393	Rerré
tt0097851	nm0890056	Judge
tt0097851	nm0007123	Vaikom Muhammad Basheer
tt0097851	nm0858128	Jail Warder
tt0097851	nm0438854	Political Leader
tt0097851	nm0613512	Basheer'S Classmate
tt0097851	nm0820203	Brother Jailor
tt0097851	nm0884872	Razzaq
tt0097853	nm0703364	Dan
tt0097853	nm0342393	Lena
tt0097853	nm0665213	Alice
tt0097853	nm0900062	Georges
tt0097855	nm0000728	Erwin Papp
tt0097855	nm0399375	Tino
tt0097855	nm0477423	Johan
tt0097855	nm0699283	Sarah
tt0097863	nm0783101	Steven
tt0097863	nm0865868	Peter
tt0097863	nm0823500	Robert
tt0097863	nm0213980	Christiana
tt0097864	nm0793008	Big Rope
tt0097864	nm0510950	Yu
tt0097864	nm0150821	Chiang Su-Su
tt0097864	nm0150821	Yi
tt0097864	nm0628756	Chiang Wu
tt0097864	nm1296306	Hwa Fu Chun
tt0097874	nm0495936	Dr. Peter Houseman
tt0097874	nm0052996	Sally Donnelly
tt0097874	nm0143805	Dr. Mike Lester
tt0097874	nm0926864	Willy Carson
tt0097875	nm3450061	Miss Piggy
tt0097875	nm0312529	Wolf
tt0097875	nm0258272	Berlioz
tt0097875	nm0457445	Eckerman
tt0097884	nm0591877	Camille
tt0097884	nm0681566	Milou
tt0097884	nm0239816	Georges
tt0097884	nm0096774	Léonce
tt0097893	nm0025857	Nathan Leven
tt0097893	nm0756752	Helen Parker
tt0097893	nm0899763	Laurie
tt0097893	nm0649281	Barbara
tt0097894	nm0115551	Lizzie Le Prince
tt0097894	nm0366126	Augustin Le Prince
tt0097894	nm0793455	Adolphe Le Prince
tt0097894	nm0804162	Marie Le Prince
tt0097910	nm0001595	Felix Stone
tt0097910	nm0002059	Terry Morgan
tt0097910	nm0002041	Tyler
tt0097910	nm0859921	Jake O'Neal
tt0097912	nm0345999	Leonora
tt0097912	nm0733780	Raymundo
tt0097912	nm0136772	Santana
tt0097919	nm0361404	Frau Kiefert
tt0097919	nm0956858	Rüdiger
tt0097919	nm0095966	Christa
tt0097919	nm1367290	Klaus
tt0097924	nm0720277	Jaime
tt0097924	nm0056686	Luz
tt0097924	nm0718829	Fernando
tt0097924	nm0483942	Madre
tt0097925	nm0000721	Bel
tt0097925	nm0708790	Lorenzo Delgado
tt0097925	nm0690592	Petrita
tt0097925	nm0580038	Sr. Montero
tt0097928	nm0005331	John Reed
tt0097928	nm0000374	John Barnes
tt0097928	nm0751263	Isabella
tt0097928	nm0435168	Frank Jones
tt0097966	nm0701000	Will
tt0097966	nm0701000	A Poor Player
tt0097966	nm0715953	Peter
tt0097966	nm0715953	A Producer
tt0097968	nm0689990	Výtvarník Vladimír
tt0097968	nm0579954	Spisovatel Zvaný Doktor
tt0097968	nm0325611	Filozof Egon
tt0097968	nm0161729	Tereza
tt0097968	nm0161729	Vladimírova Milenka
tt0097970	nm4004354	Boy
tt0097970	nm0486740	Daughter
tt0097970	nm0362528	Old Mother
tt0097970	nm1188003	Singer
tt0097970	nm0280168	Young Daughter
tt0097970	nm0313133	Young Mother
tt0097984	nm1784503	General Sun Ze
tt0097984	nm2889195	Luo Xiang
tt0097984	nm2889365	Ling Sheng
tt0098004	nm0059805	Older Kuzmin Brother
tt0098004	nm0059806	Younger Kuzmin Brother
tt0098004	nm0789397	Apkhazur
tt0098004	nm0581621	Regina Petrovna
tt0098021	nm0000410	Daniel Davenport
tt0098021	nm0001003	Nathanial Quass
tt0098021	nm0290117	Jackaboy
tt0098021	nm0546816	Nellie
tt0098030	nm0125909	Ferdyshchenko
tt0098030	nm0348039	Klementinka De Burbon
tt0098030	nm0473047	Amaliya Stokfish
tt0098030	nm0760816	Iraida
tt0098043	nm0086806	Alice Lundgren
tt0098043	nm0001902	Kurt Williams
tt0098043	nm0369567	Victor Lundgren
tt0098043	nm0000468	Kathy Jordan
tt0098050	nm0893941	Lola
tt0098050	nm0768574	Padre Benito
tt0098050	nm0098709	Adolfo
tt0098050	nm0098709	Niño
tt0098050	nm0225916	Emilio
tt0098063	nm0135666	Paprika
tt0098063	nm0274008	Rocco
tt0098063	nm0110496	Madame Collette
tt0098063	nm0094986	Franco
tt0098064	nm0007023	Manolo
tt0098064	nm0286499	Lola
tt0098064	nm0599640	Andrade
tt0098064	nm0558044	Laura
tt0098070	nm0553402	Lisa
tt0098070	nm0646037	Andrej
tt0098070	nm0198195	Stefano
tt0098070	nm0311167	Dario
tt0098077	nm0531255	Flippity
tt0098077	nm0513260	Tristán
tt0098077	nm0658977	Priscila
tt0098077	nm3967734	Lumumba
tt0098077	nm3967447	Rey Atanasio
tt0098077	nm2278536	Gran Ton
tt0098100	nm0516671	Brad Stillman
tt0098100	nm0183881	Garth Baxter
tt0098100	nm0504681	Karen Masters
tt0098100	nm0140848	Lt. Smith
tt0098136	nm0174860	Alex Grey
tt0098136	nm0696395	Sarah Monroe
tt0098136	nm0833635	Shane Taylor
tt0098136	nm0852175	Mary Lou Maloney
tt0098139	nm0255979	Professora
tt0098139	nm0202262	Escriptor
tt0098139	nm0693493	Editor
tt0098144	nm0023600	Albert
tt0098144	nm0883007	Ivo
tt0098144	nm0719765	Coral
tt0098144	nm0084289	Pep
tt0098150	nm0482580	Uncle Feng
tt0098150	nm0482714	Sergeant Lam
tt0098150	nm0594226	Sergeant No. 2237
tt0098150	nm0939250	Lin
tt0098172	nm0369567	Elliot Canner
tt0098172	nm0471241	Lena Wallace
tt0098172	nm0903677	Wesley Wilson
tt0098172	nm0014718	Vinny
tt0098181	nm0568907	Robert
tt0098181	nm0651775	Luise
tt0098181	nm0430953	Dr. Schaller
tt0098181	nm0559331	Prälat Schulte-Pelkum
tt0098199	nm0001657	Jack Fisher
tt0098199	nm0951828	Michael Keller
tt0098199	nm0147985	Harry Crawford
tt0098199	nm0611797	Lisa
tt0098211	nm0795294	Robo-C.H.I.C.
tt0098211	nm0198452	Robo-C.H.I.C.
tt0098211	nm0911431	Harry Truman Hodgkins
tt0098211	nm2927545	John Kent
tt0098244	nm0000047	Rosa Priore
tt0098244	nm0208371	Don Peppino Priore
tt0098244	nm0208171	Luigi Iannello
tt0098244	nm0615905	Giulianella
tt0098256	nm0084289	Pol
tt0098256	nm0396156	Eva
tt0098256	nm0687840	Laura
tt0098256	nm0034281	Juan
tt0098278	nm0900143	Margherita
tt0098278	nm0900143	Wife
tt0098278	nm0001285	Tony
tt0098278	nm0001285	Margherita'S Friend
tt0098278	nm0674358	Paolo
tt0098278	nm0674358	Margherita'S Husband
tt0098278	nm0816457	Lauray
tt0098278	nm0816457	Margherita'S Friend
tt0098294	nm0125540	Gloria
tt0098294	nm0376283	Eolo
tt0098294	nm0650024	Ministro
tt0098294	nm0313452	Ferruccio
tt0098318	nm5666124	Self (Translator)
tt0098318	nm10934783	Self
tt0098318	nm10934785	Self
tt0098318	nm10934786	Self
tt0098344	nm0413839	Crawldaddy
tt0098344	nm0818547	Phink
tt0098344	nm0745059	Violet
tt0098344	nm0263937	Paul Hickox
tt0098372	nm0353624	Big Eli Mcdonaugh
tt0098372	nm0810342	Hatchett
tt0098372	nm0946529	Little Eli
tt0098372	nm0037192	Watawna
tt0098377	nm0708105	Andy
tt0098377	nm0789449	Dyanne
tt0098377	nm0913797	Matty
tt0098377	nm0444198	Mark
tt0098392	nm0194422	Bertine
tt0098392	nm3990931	Sophie
tt0098392	nm0349654	Hubert
tt0098392	nm0487110	Paul
tt0098422	nm0636280	Zac Connors
tt0098422	nm0038677	Suay
tt0098422	nm0643164	Yamaguchi
tt0098422	nm1395252	Chai
tt0098426	nm0844274	King Arthur
tt0098426	nm0022033	Guinevere
tt0098426	nm0350642	Sir Lancelot
tt0098426	nm0357194	Peggy
tt0098429	nm0147439	Inspector
tt0098429	nm0051710	Vaitiare
tt0098429	nm0654843	Ramón
tt0098429	nm0059599	Miguel
tt0098429	nm0350065	Don Ángel
tt0098429	nm0654844	Sargento
tt0098431	nm0827450	Mama
tt0098431	nm0158141	Tatal
tt0098431	nm0216688	Educatoarea
tt0098431	nm1754071	Tusa Tina
tt0098431	nm9634588	Cocuta
tt0098431	nm0315826	Bunica
tt0098431	nm0580685	Bunicul
tt0098431	nm1688376	Raducu
tt0098431	nm0660965	Doctorul
tt0098461	nm0420090	Avinash Chandar
tt0098461	nm0004569	Brijesh Chandar (Birju)
tt0098461	nm0419685	Sudha Chandar
tt0098461	nm0002043	Chanda
tt0098462	nm0485940	Emily Hobhouse
tt0098462	nm0018776	Rev. Reginald Hobhouse
tt0098462	nm0750192	Lady Mary Hobhouse
tt0098462	nm0038731	Lord Arthur Hobhouse
tt0098486	nm0465841	Man (Segment |Montag|)
tt0098486	nm0247950	Video Fan (Segment |Dienstag|)
tt0098486	nm0470239	Man In Park (Segment |Mittwoch|)
tt0098486	nm0476131	Spinster (Segment |Freitag|)
tt0098488	nm0536230	Hélène
tt0098488	nm0075807	Le Professeur Vaneau
tt0098488	nm0296594	Catherine
tt0098488	nm0296594	La Mère De Tom
tt0098488	nm0889991	Robert
tt0098495	nm0807055	Mikhail Makhonin
tt0098495	nm0750850	Valentina Laletina
tt0098495	nm0476814	Aleksay Kurkin
tt0098495	nm0874931	Pavel Gneushev
tt0098514	nm0044535	Julia Poncenot-Guillermen
tt0098514	nm0898317	Alexandre Guillermen
tt0098514	nm0901812	Constantin Biochon
tt0098514	nm0069711	Pilou
tt0098531	nm0274008	Ponthans
tt0098531	nm0246822	Féodor Aldellio
tt0098531	nm0909012	Ulysse
tt0098531	nm0909012	Capt. Death
tt0098531	nm0303574	Ada Della Cistereia
tt0098532	nm0653669	Iris Rukka
tt0098532	nm0758825	Mother
tt0098532	nm0631741	Stepfather
tt0098532	nm0896801	Aarne
tt0098534	nm0187337	The Father
tt0098534	nm0096501	The Mother
tt0098534	nm0433564	Anne
tt0098534	nm0063227	Isabelle
tt0098542	nm0784825	Franta
tt0098542	nm0784825	Uchenik Na Henih
tt0098542	nm0472166	Georg Henih
tt0098542	nm1030635	Victor
tt0098542	nm0153973	Bashtata Na Victor
tt0098542	nm0889496	Maykata Na Victor
tt0098548	nm0299201	Yoshiaki Masaki
tt0098548	nm0619236	Kazuya
tt0098548	nm0256628	Nagayama
tt0098548	nm0847562	Sakuma
tt0098553	nm0589865	Kommissar Klefisch
tt0098553	nm0126651	Mike Döpper
tt0098561	nm0369202	Nora
tt0098561	nm0312782	Corinne
tt0098561	nm0219151	Charles
tt0098561	nm0039779	Gaëlle
tt0098576	nm0619179	Miyu
tt0098576	nm0586528	Larva
tt0098576	nm0644527	Reiha
tt0098576	nm0644527	Matsukaze
tt0098576	nm0794211	Chisato Inoue
tt0098584	nm0001376	Cécile
tt0098584	nm0001095	Suzy
tt0098584	nm0613577	Stéphane
tt0098584	nm0194759	Laurence
tt0098588	nm0107175	Barbara Behrend
tt0098588	nm0197192	Georg Kalisch
tt0098588	nm0728751	Lehrerin Laube
tt0098588	nm0456030	Mutter Behrend
tt0098606	nm0000905	Ivo Salvini
tt0098606	nm0897715	Gonnella
tt0098606	nm0653080	Aldina
tt0098606	nm0866449	Marisa
tt0098629	nm0542524	Otto Weininger
tt0098629	nm0811961	Adelaide Weininger
tt0098629	nm0811961	Adele
tt0098629	nm0811961	Hausmeisterin
tt0098629	nm0686875	Doppelgängerin (Double)
tt0098629	nm0750482	Leopold Weininger
tt0098629	nm0750482	Sigmund Freud
tt0098656	nm0123221	Self
tt0098656	nm1262079	Self - Interviewer
tt0098657	nm0819636	Ernst Winckelmann
tt0098657	nm0521443	Aline Maas
tt0098657	nm0119593	Vater Maas
tt0098657	nm0759797	Rüdiger
tt0098658	nm0000564	Cesar Valentin
tt0098658	nm0000147	Brian Smith
tt0098658	nm0873005	Bianca
tt0098658	nm0275138	Theresa
tt0098707	nm0945189	Au Ping-Keung
tt0098707	nm0948112	Cheung Tsui-Fung
tt0098707	nm0157971	Stanley Wu Tai-Kit
tt0098707	nm0150973	Lee Siu-Fai
tt0098920	nm0007698	Frank O'Hara
tt0098920	nm0046328	Karsky
tt0098920	nm0096947	Tom Butler
tt0098958	nm0678933	Saveliy Govorkov
tt0098958	nm0804714	Larisa (Rybka)
tt0098958	nm0790202	Alik
tt0098958	nm0623350	Colony Captain
tt0098959	nm0000275	Wendy
tt0098959	nm0817748	Ronnie
tt0098959	nm0915989	Jake
tt0098959	nm0907942	Deidre
tt0098961	nm0001876	Sheherazade
tt0098961	nm0432040	Jimmy Genious
tt0098961	nm0293889	Aladin
tt0098961	nm0508293	The King
tt0098962	nm0017468	Stephanie
tt0098962	nm0024596	Professor Nathan Rosenbluth
tt0098962	nm0045402	Blazer Driver
tt0098962	nm0364307	Dolores Park
tt0098963	nm0786022	Lord Grafton
tt0098963	nm0001487	O'Brien
tt0098963	nm0001758	Ramborde
tt0098963	nm0211696	General Gallifet
tt0098965	nm0411930	Ken
tt0098965	nm0625761	Stevie
tt0098965	nm0031724	Jon
tt0098965	nm0324213	Alan
tt0098966	nm0000633	Peter
tt0098966	nm0000430	Michael
tt0098966	nm0001101	Jack
tt0098966	nm0001802	Sylvia
tt0098967	nm0038961	Akira
tt0098967	nm0001429	Uehara
tt0098967	nm0648764	Masaki
tt0098967	nm0410942	Sayaka
tt0098967	nm0407276	Takashi Iguchi
tt0098967	nm0241881	Kazuo
tt0098967	nm0299329	Fumiyo
tt0098970	nm0000721	Gloria
tt0098970	nm0002181	Javier
tt0098970	nm0248364	Álvaro
tt0098970	nm0555260	Carlos
tt0098972	nm0594421	Nayoko
tt0098972	nm0441375	Mondo Suzuki
tt0098972	nm0645696	Chichiiwa
tt0098972	nm0437482	Tamonin Buddist Bishop
tt0098974	nm1277593	Self
tt0098976	nm0000821	Bhim Singh
tt0098976	nm0419685	Gauri
tt0098976	nm0704654	Laxmi
tt0098976	nm0643350	Mohan
tt0098977	nm0619047	G. K. S Master
tt0098978	nm0473498	Henning Handschuh
tt0098978	nm0777589	Robert Handschuh
tt0098978	nm0776563	Johann Lebrecht Grauhut
tt0098978	nm0559332	Frieda Schober
tt0098980	nm0389208	Clara
tt0098980	nm0475058	Paul
tt0098981	nm0856918	Vera
tt0098981	nm0088083	Svoboda
tt0098981	nm0388517	Holger
tt0098981	nm0255678	Frau De Vries
tt0098986	nm0194662	(Segment |Tv Buster|)
tt0098986	nm0059442	(Segment |Embouteillages|)
tt0098986	nm0014861	(Segment |Le Cimetière Des Éléphants|)
tt0098986	nm0093606	(Segment |Tv Buster|)
tt0098987	nm0001048	Ford Fairlane
tt0098987	nm0000452	Jazz
tt0098987	nm0628611	Julian Grendel
tt0098987	nm0001636	Colleen Sutton
tt0098989	nm0399372	Self
tt0098990	nm0686375	Major Mikhail Bandura
tt0098990	nm0230507	Katya
tt0098990	nm0955664	Lieutenant Colonel
tt0098990	nm0946157	Nikita Steklov
tt0098991	nm0762248	Anna
tt0098991	nm0837784	Martha
tt0098991	nm0293739	Victor
tt0098991	nm0081100	Swinarski
tt0098992	nm6369853	Self
tt0098992	nm6369851	Self
tt0098992	nm6369854	Self
tt0098992	nm6369855	Self
tt0098993	nm8958218	Shira
tt0098993	nm0290941	Erez
tt0098993	nm0713715	Yonatan
tt0098993	nm0255943	Mali
tt0098993	nm0138414	Sergeant
tt0098994	nm0000574	Collie
tt0098994	nm0001829	Fay
tt0098994	nm0001136	Uncle Bud
tt0098994	nm0320303	Bert
tt0098996	nm0506699	Mr. James
tt0098996	nm0822066	Gruber
tt0098996	nm0435250	Sabina
tt0098996	nm0730795	Willie
tt0098997	nm1022263	Lead
tt0098998	nm0005571	Sara
tt0098999	nm0000821	Vijay Dinanath Chavan
tt0098999	nm0149822	Krishnan Iyer Ma
tt0098999	nm0534863	Mary Matthew
tt0098999	nm0624174	Siksha Chavan
tt0099000	nm0504899	Zhao Nansan
tt0099000	nm0001041	Li Hung
tt0099001	nm0399012	Jian
tt0099003	nm0838910	Frank
tt0099003	nm0828980	Lucy
tt0099003	nm0151463	Paul
tt0099003	nm1353064	Gemma
tt0099004	nm0001714	Fletcher Kane
tt0099004	nm0487198	Hallie Campbell
tt0099004	nm0924502	Joe Campbell
tt0099004	nm0504335	Papa Campbell
tt0099005	nm0000154	Gene
tt0099005	nm0000375	Billy
tt0099005	nm0001802	Corinne Landreaux
tt0099005	nm0420898	Major Donald Lemond
tt0099008	nm0000176	Karin
tt0099008	nm0200862	Massimo
tt0099009	nm0144812	Alberto Capuano
tt0099009	nm0542063	Le Père D'Alberto
tt0099009	nm0873005	Clara
tt0099009	nm0582074	Le Contrôleur
tt0099011	nm0658041	Donatella
tt0099011	nm0223953	Allegra
tt0099011	nm0350208	Bianca
tt0099011	nm0342111	Kiki
tt0099011	nm0895477	Giovanni
tt0099012	nm0001201	Alice
tt0099012	nm0000458	Doug
tt0099012	nm0001505	Joe
tt0099012	nm0820053	Hilda
tt0099013	nm0214172	Orlanda
tt0099013	nm0048121	Hubert Miras
tt0099013	nm0343743	Elisabeth
tt0099013	nm0518591	Theaterdirektor
tt0099014	nm0154299	Anna
tt0099014	nm0480099	Mark
tt0099014	nm0063793	Nicole
tt0099014	nm0680429	Felicity
tt0099015	nm1304064	Self
tt0099015	nm1304065	Self
tt0099015	nm1304066	Self
tt0099017	nm0488703	Pauline
tt0099017	nm0434079	Robbie
tt0099017	nm0572157	Marjorie
tt0099017	nm0567167	Lance
tt0099018	nm0001357	Terry Dean
tt0099018	nm0468957	Rose Garner
tt0099018	nm0000480	Steve
tt0099018	nm0485729	Mrs. Garner
tt0099025	nm1264182	Kunwar Ranvir J. Singh
tt0099025	nm0000818	Amba Bhanupratap Singh
tt0099025	nm0438463	Suraj 'Sarju' B. Singh
tt0099025	nm0792866	Lajjo
tt0099025	nm1185265	Prabha R. Singh
tt0099025	nm1942776	Rajendra 'Raja' B. Singh
tt0099026	nm0000616	Josh Baker
tt0099026	nm0000469	Lt. Spencer
tt0099026	nm0302446	Officer Sandra Malloy
tt0099026	nm0000999	Elias Zacharai
tt0099027	nm0626259	Fernando
tt0099027	nm0812556	Amelia Lópes O'Neil
tt0099027	nm0072556	Anna
tt0099027	nm0537865	Ginette
tt0099028	nm14905883	Self - Chief Negotiator
tt0099028	nm14905884	Self
tt0099028	nm14905885	Self
tt0099028	nm14905879	Self
tt0099029	nm0815250	Erkki Hakala
tt0099029	nm0710490	Kaisu Hakala
tt0099029	nm0433532	Taisto Matsomppi
tt0099029	nm0512003	Otto
tt0099032	nm0121755	Lily
tt0099032	nm0419248	George
tt0099032	nm0178357	Wendy
tt0099032	nm0140731	Toni
tt0099032	nm0743605	Bryan
tt0099032	nm0642126	Ralph
tt0099034	nm0450044	Sandrine
tt0099034	nm0418458	Martine
tt0099034	nm0061892	Riri
tt0099034	nm0142068	Alex
tt0099035	nm11903579	Arzt
tt0099035	nm11903578	Gerti
tt0099035	nm11903577	Wirt
tt0099037	nm0001796	Cal Porter - Andre'S Lover
tt0099037	nm0860681	Katherine Gerard - Andre'S Mother
tt0099037	nm0796662	Mrs. Downs - Andre'S Grandmother
tt0099037	nm0893390	Arthur
tt0099038	nm0008311	Vasiliy Ivanovich Kutuzov
tt0099038	nm0246150	Bruskov - Sledovatel
tt0099038	nm0246150	Glavvrach
tt0099038	nm0882267	Ulyana - Zhena Vasiliya Kutuzova
tt0099038	nm0826783	Pavlik Balabanov - Odnoklassnik Vasiliya Kutuzova
tt0099039	nm0344603	Jacques
tt0099039	nm0477286	Henry
tt0099039	nm0757854	Maria
tt0099039	nm0032741	Martin
tt0099060	nm0860179	Michael
tt0099060	nm0287179	Stefania
tt0099115	nm0474119	Narrator
tt0099139	nm0496705	Marthe
tt0099139	nm0321907	Aline
tt0099139	nm0898653	Sylvie
tt0099139	nm0054538	Paul
tt0099139	nm0534942	Éric
tt0099139	nm0900062	Le Médecin
tt0099139	nm0612840	Manon
tt0099158	nm0118209	Narrator
tt0099158	nm0616880	Narrator
tt0099217	nm0000978	Jonathan Turner
tt0099217	nm0940712	Clay Gibson
tt0099217	nm0089685	Edison King
tt0099217	nm0750916	Redmond Dunne
tt0099279	nm0371951	Trevor
tt0099279	nm0391600	Jenny
tt0099279	nm0545331	Liz
tt0099279	nm0348676	Emily
tt0099370	nm0000578	Self - Host
tt0099370	nm0785264	Hélène
tt0099370	nm0133049	Jean Arnaud
tt0099370	nm0529645	André Arnaud
tt0099383	nm0516215	Carlos
tt0099383	nm0898408	Antonella
tt0099383	nm0000167	Julia Latham
tt0099383	nm0424167	Rodimstev
tt0099427	nm0589865	Kommissar Klefisch
tt0099427	nm0126651	Mike Döpper
tt0099427	nm0618408	Sabrina
tt0099427	nm0699596	Fahnenschmidt
tt0099457	nm0541576	Paul Flemming
tt0099457	nm0684522	Amy
tt0099457	nm0000872	Raymond Ravennes
tt0099457	nm0529655	Lydia
tt0099526	nm0055549	Dave
tt0099526	nm0089231	Stod
tt0099526	nm0125533	Karen
tt0099526	nm0141451	Marian
tt0099530	nm0817881	Jack 'Extralarge' Costello
tt0099530	nm0859365	Dumas
tt0099530	nm0066040	Sam
tt0099530	nm0749959	Mrs. Martinez
tt0099542	nm0000053	Joe Whitaker
tt0099542	nm0299077	Nick Bankston
tt0099542	nm0108315	Holly Bankston
tt0099542	nm0666871	Chris Bankston
tt0099580	nm0794128	Barry Allen
tt0099580	nm0794128	The Flash
tt0099580	nm0005301	Christina Mcgee
tt0099580	nm0246373	Julio Mendez
tt0099580	nm0005191	Iris West
tt0099661	nm0000099	Dana Maccallister
tt0099661	nm0419747	Bill Mccallister
tt0099661	nm0032033	Psychiatrist
tt0099661	nm0103655	Ian Wuinn
tt0099727	nm0228912	Francisco
tt0099727	nm0228912	Gravedigger
tt0099727	nm0228912	Player
tt0099727	nm0729401	Bernardo
tt0099727	nm0729401	Lucianus
tt0099727	nm0131966	Marcellus
tt0099727	nm0131966	Sailor
tt0099727	nm0131966	Player
tt0099727	nm0416838	Horatio
tt0099745	nm0877067	Florence Delauney
tt0099745	nm0674742	Pierre Delauney
tt0099745	nm0674742	Thomas Dupré
tt0099745	nm0074447	Armand Lantier
tt0099745	nm0142033	Jean-Marc Collin
tt0099746	nm0000761	Anne
tt0099746	nm0765546	Mel Stevens
tt0099746	nm0209030	Frédéric
tt0099746	nm0000805	Dominique
tt0099781	nm0000793	Werner Hauser
tt0099781	nm0277917	Eli Rosenbloom
tt0099781	nm0927043	Esther Rosenbloom
tt0099781	nm3129344	Carol Rosenbloom
tt0099811	nm0004885	Rick Hunter
tt0099811	nm0283311	Joanne Molenski
tt0099811	nm0356251	Capt. Charles Devane
tt0099811	nm0441537	Nikolai Janosch
tt0099811	nm0441537	Arno Kudriescu
tt0099835	nm0696163	Gloria
tt0099835	nm0583734	Julie
tt0099835	nm0460651	Gina
tt0099835	nm0956643	M. Holz
tt0099851	nm0389058	Steward
tt0099851	nm0001613	The Witch
tt0099851	nm0322306	Baker'S Wife
tt0099851	nm0956268	Baker
tt0099851	nm0291839	Cinderella'S Stepmother
tt0099851	nm0528520	Cinderella'S Father
tt0099952	nm0428086	Agejev
tt0099952	nm0171829	Sergej
tt0099952	nm0908116	Nadja
tt0099952	nm0934014	Lebedev
tt0099971	nm0792029	David Samuels
tt0099971	nm0787570	Joseph Mnwana
tt0099971	nm0203958	Laura
tt0099971	nm0015617	Thomas
tt0099992	nm0278752	Steve Clemant
tt0099992	nm0000372	Jane Clemant
tt0099992	nm0064749	Sophie Clemant
tt0099992	nm0805359	Gilly Clemant
tt0100155	nm0193171	Victoria
tt0100155	nm0263368	Alphonse Malard
tt0100155	nm0194662	Isabelle Meyral
tt0100155	nm0605429	Boissiere
tt0100155	nm0272658	Salam
tt0100216	nm0837064	Hercule Poirot
tt0100216	nm0292140	Lieutenant Hastings
tt0100216	nm0413946	Chief Inspector Japp
tt0100216	nm0249622	Mary Cavendish
tt0100255	nm0055001	Donaldson
tt0100255	nm0768488	Clarence Flamer
tt0100255	nm0923610	Neil Baldwin
tt0100255	nm0790689	Helen Baldwin
tt0100255	nm0789093	Marion Parkin
tt0100255	nm0580270	Peters
tt0100255	nm0240072	Crowson
tt0100316	nm0940919	Maxwell Beckett
tt0100316	nm0526649	Nikki Page
tt0100316	nm0411857	Cosby
tt0100316	nm0870529	Wendy
tt0100370	nm0880186	Olga Blaha
tt0100370	nm0006945	Karl Blaha
tt0100370	nm0643332	Trude
tt0100370	nm0849892	Trudes Tochter
tt0100406	nm0268286	Joe Roth
tt0100406	nm0250718	Dennis Guant
tt0100406	nm0289343	Colonel Orlov
tt0100406	nm0703438	Alice Daltrey
tt0100439	nm0048468	Det. Chief Insp. Wexford
tt0100439	nm0712385	Det. Insp. Burden
tt0100439	nm0106387	Sir Manuel Carmargue
tt0100439	nm0561446	Dinah Sternhold
tt0100474	nm0453204	Patricia
tt0100474	nm0202409	Jerome
tt0100474	nm0090609	Mrs. Smith
tt0100474	nm0335054	Tonio
tt0100482	nm0099371	Suzanne
tt0100482	nm0646037	Jan Bergman
tt0100482	nm0953168	Doctor
tt0100482	nm0803903	Elvira
tt0100492	nm0902397	Kommissar Brinkmann
tt0100492	nm0470942	Rikki Pensold
tt0100492	nm0061928	Robert Wegener
tt0100492	nm0956288	Rolf Poelke
tt0100578	nm0001739	Elinor
tt0100578	nm0834626	Marianne
tt0100578	nm0017651	Edward
tt0100578	nm0000655	Young Edward
tt0100578	nm0000666	Young Marianne
tt0100578	nm0000746	Young Elinor
tt0100580	nm0000275	Sarah Weiss
tt0100580	nm0837064	Joe
tt0100642	nm0624793	Jenny
tt0100642	nm0000293	Vic
tt0100642	nm0396439	Priest
tt0100642	nm0909541	Tracey
tt0100658	nm0048468	Det. Chief Insp. Wexford
tt0100658	nm0712385	Det. Insp. Burden
tt0100658	nm0708902	Dora Wexford
tt0100658	nm0444580	Jenny Ireland
tt0100664	nm0162878	Self
tt0100664	nm0224938	Interviewer
tt0100710	nm0000578	Self - Host
tt0100710	nm0000453	Christopher Waggoner
tt0100710	nm0040586	Mrs. Waggoner
tt0100710	nm0578527	Mr. Taylor
tt0100718	nm0000123	Chic Chesbro
tt0100718	nm0217937	Tim Kelly
tt0100718	nm0281074	Bradley Coolidge
tt0100718	nm0454701	Tucson Smith
tt0100724	nm0743605	Phil
tt0100724	nm0801674	Estate Agent
tt0100724	nm0780686	Pickpocket
tt0100724	nm0556609	Man In Station
tt0100748	nm0784230	Kommissar Max Palu
tt0100748	nm0498752	Jutta
tt0100748	nm0917088	Rainer Seifert
tt0100748	nm0297258	Dr. Wagner
tt0100749	nm0323526	Detektivwachtmeister Walter Howald
tt0100749	nm0957589	Reto Carlucci
tt0100749	nm0014338	Heinz Rapold
tt0100749	nm0108032	Rebecca Howald
tt0100750	nm0472545	Hauptkommissar Paul Stoever
tt0100750	nm0105640	Hauptkommissar Peter Brockmöller
tt0100750	nm0088400	Herwart Branding
tt0100750	nm0382212	Thea Branding
tt0100751	nm0775318	Assistent Seidel
tt0100751	nm0284296	Kriminalhauptkommissarin Lena Odenthal
tt0100751	nm0611126	Vicky
tt0100751	nm0900915	Daniel
tt0100751	nm0388517	Palz
tt0100751	nm0311328	Stein
tt0100752	nm0417659	Inspektor Fichtl
tt0100752	nm0119800	Inspektor Hollocher
tt0100752	nm0664011	Inspektor Winter
tt0100752	nm0737689	Inspektor Katzki
tt0100753	nm0034823	Sabine
tt0100753	nm0902397	Kommissar Brinkmann
tt0100753	nm0014344	Hauptmeister Wegner
tt0100753	nm0466234	Harry Gerber
tt0100753	nm0044642	Ada Gerber
tt0100753	nm0902265	Dr. Hilde Jahn
tt0100753	nm0062106	Felix Timm
tt0100754	nm0313443	Schimanski
tt0100754	nm0270607	Thanner
tt0100754	nm0096509	Fuchs
tt0100754	nm0773292	Grawe
tt0100755	nm0472545	Hauptkommissar Paul Stoever
tt0100755	nm0105640	Hauptkommissar Peter Brockmöller
tt0100755	nm0127030	Heinz Maurer
tt0100755	nm0470522	Karl Wollek
tt0100770	nm0002081	Monk Scott
tt0100770	nm0604640	Cpl. Merriman
tt0100770	nm0281424	Bob
tt0100770	nm0285630	Sally
tt0100818	nm0217880	David
tt0100818	nm0352731	Helen
tt0100818	nm0606569	Monsieur Laurent
tt0100818	nm0795837	Mo
tt0100900	nm0001075	Self - Narrator
tt0100900	nm0202629	Self
tt0100900	nm0375477	Self
tt0100900	nm0379052	Self
tt0100948	nm0357979	Wallace Kirkman
tt0100948	nm0324790	Nina
tt0100948	nm0431440	Mother
tt0100948	nm0178616	Grandmother
tt0100953	nm0000980	Steven Parrish
tt0100953	nm0866626	Julia Parrish
tt0100953	nm0409874	Sergeant Clarke
tt0100953	nm0236500	Merlinda Parrish
tt0101095	nm0553402	Fantaghirò
tt0101095	nm0000728	The King
tt0101095	nm0744107	Romualdo
tt0101095	nm0596807	The White Witch
tt0101095	nm0596807	The White Knight
tt0101246	nm0005216	Céleste Albaret
tt0101246	nm0000869	Marcel Proust
tt0101246	nm0185329	Odilon
tt0101246	nm0551556	Concierge
tt0101271	nm0000475	Hetty Sorrel
tt0101271	nm0363117	Dinah Morris
tt0101271	nm0672888	Court Official
tt0101271	nm0223266	Judge
tt0101274	nm0001352	Lucky Luke
tt0101274	nm0604922	Lotta Legs
tt0101274	nm0818277	Averell Dalton
tt0101274	nm0336480	Jack Dalton
tt0101300	nm0377901	Stevie 'Smudger' Smith
tt0101300	nm0001059	Liam Kane
tt0101300	nm0032536	Marie
tt0101300	nm0290162	Barry Serradilla
tt0101358	nm0716293	Antonia Mcgill
tt0101358	nm0001767	Jane Hartman
tt0101358	nm0505303	Rosa Gluberman
tt0101358	nm0388804	Harry Rosenthal
tt0101443	nm0096509	Mitabeiter Der Kripo
tt0101443	nm0291149	Mitabeiter Der Kripo
tt0101443	nm0927980	Mitabeiter Der Kripo
tt0101443	nm0618238	Mitabeiter Der Kripo
tt0101480	nm0492220	Joey Di Paolo
tt0101480	nm0032628	Carol Di Paolo
tt0101480	nm0852753	Self
tt0101480	nm0534944	Anthony
tt0101729	nm0176401	Agente La Macchia
tt0101750	nm0828980	Nora Helmer
tt0101750	nm0263368	Torvald Helmer
tt0101750	nm0416524	Kristine Linde
tt0101750	nm0538869	Dr. Rank
tt0101835	nm0817881	Jack 'Extralarge' Costello
tt0101835	nm0859365	Dumas
tt0101835	nm0066040	Sam
tt0101835	nm0749959	Mrs. Martinez
tt0101836	nm0817881	Jack 'Extralarge' Costello
tt0101836	nm0859365	Dumas
tt0101836	nm0903110	Sen. Pillinger
tt0101836	nm0066040	Sam
tt0101837	nm0817881	Jack 'Extralarge' Costello
tt0101837	nm0859365	Dumas
tt0101837	nm0066040	Sam
tt0101837	nm0749959	Mrs. Martinez
tt0101838	nm0817881	Jack 'Extralarge' Costello
tt0101838	nm0859365	Dumas
tt0101838	nm0066040	Sam
tt0101838	nm0749959	Mrs. Martinez
tt0101840	nm0817881	Jack 'Extralarge' Costello
tt0101840	nm0859365	Dumas
tt0101840	nm0066040	Sam
tt0101840	nm0000803	Blake
tt0101894	nm0001329	Kryst
tt0101894	nm0384048	Jason
tt0101894	nm0265610	Sharon
tt0101894	nm0372388	Dave
tt0101915	nm0301865	Self
tt0101915	nm0000030	Self - Host
tt0101915	nm0039938	Self
tt0101915	nm0239856	Self
tt0101915	nm0295480	Self (Voice Only)
tt0101915	nm0485263	Self
tt0101971	nm0000641	Tom Joad
tt0101971	nm0108066	Pa Joad
tt0101971	nm0186949	Willy
tt0101971	nm0212636	Connie Rivers
tt0101972	nm0102195	Mr. Healy
tt0101972	nm0753314	John Healy
tt0101972	nm0000592	The Dipper
tt0101972	nm0062785	Madalena
tt0101972	nm0572938	Mrs. Healy
tt0102012	nm0000198	Ian Tyson
tt0102012	nm0000613	Janetta Wheatland
tt0102012	nm0226820	Leonard Meopham
tt0102012	nm0327291	Beryl James
tt0102111	nm0828980	Margaret
tt0102111	nm0716293	Helen
tt0102111	nm0569336	Hugh
tt0102111	nm0000293	Smith
tt0102199	nm0001910	Self
tt0102199	nm6925273	Self - Embalmer
tt0102199	nm6925274	Self - Embalmer
tt0102199	nm0543790	Self
tt0102255	nm0041662	Maca Daracs
tt0102255	nm0664144	Kurt Höllermoser
tt0102255	nm0006945	Rudi Blaha
tt0102255	nm3879618	Mäggi
tt0102276	nm0000453	F.R. Leavis
tt0102276	nm0571674	Sir Arthur Quiller-Couch
tt0102276	nm0450414	Queenie Leavis
tt0102276	nm0001086	Tulloch
tt0102281	nm0000762	Christopher Edwardes
tt0102281	nm0384060	Martin Allport
tt0102281	nm0048982	Sir Lionel Sweeting
tt0102281	nm0746546	Sir Terence Calthorpe
tt0102378	nm0187337	Commissaire Jules Maigret
tt0102378	nm0003909	Monsieur Serre
tt0102378	nm0269197	Madame Serre
tt0102378	nm0534150	Ernestine
tt0102379	nm0187337	Commissaire Jules Maigret
tt0102379	nm0200434	Rose
tt0102379	nm0288340	Fred
tt0102379	nm0688984	Lapointe
tt0102416	nm0107950	Sherlock Holmes
tt0102416	nm0362570	Doctor Watson
tt0102416	nm0362735	Charles Augustus Milverton
tt0102416	nm0922272	Lady Diana Swinstead
tt0102424	nm0048468	Det. Chief Insp. Wexford
tt0102424	nm0712385	Det. Insp. Burden
tt0102424	nm0708902	Dora Wexford
tt0102424	nm0444580	Jenny Burden
tt0102474	nm0583734	Ada Harris
tt0102474	nm0562807	Major William Watson
tt0102474	nm0362506	Mary Smith
tt0102474	nm0221527	Andre Le Germain
tt0102501	nm0226199	Karl Feldmann
tt0102501	nm0714496	Ecki Schöller
tt0102501	nm0618343	Tommie Beyer
tt0102501	nm0671406	Pepe Kirchhoff
tt0102502	nm0226199	Karl Feldmann
tt0102502	nm0714496	Ecki Schöller
tt0102502	nm0618343	Tommie Beyer
tt0102502	nm0671406	Pepe Kirchhoff
tt0102547	nm0356847	Jean Abel
tt0102547	nm0478272	Jane Kerschbaum
tt0102621	nm0783314	Dani Powell
tt0102621	nm0783314	Wanda Talbert
tt0102621	nm0263760	Cody Powell
tt0102621	nm0263760	Joey Paciorek
tt0102621	nm0391096	Matthew Durning
tt0102621	nm0357737	Dodger
tt0102643	nm0545383	Nestor Burma
tt0102643	nm0112805	Hélène
tt0102643	nm0112533	Zavatter
tt0102643	nm0320647	Mme. Barnier-Dechambre
tt0102644	nm0740168	San Miguel (Archangel)
tt0102644	nm0735467	Satanas
tt0102644	nm0000296	Luzbel
tt0102644	nm0598925	Gila
tt0102711	nm0000293	Jack Morgan
tt0102711	nm0598759	Marie Morgan
tt0102711	nm0570212	Claudie Morgan
tt0102711	nm0005216	Adult Claudie
tt0102769	nm0356847	Jean Abel
tt0102769	nm0478272	Jane Kerschbaum
tt0102769	nm0711650	Ina Nasch-Haussmann
tt0102769	nm0895346	Andrea Weilandt
tt0102856	nm0067038	Seibt
tt0102856	nm0078788	Grenzbeamter
tt0102856	nm0225983	Erika
tt0102856	nm0290856	Alexander
tt0102857	nm0295470	Zollamtsrat Zaluskowski
tt0102857	nm0078788	Globig
tt0102857	nm0449528	Siggi Hobel
tt0102857	nm0583434	Max Doellke
tt0102863	nm0000667	Tim Shanks
tt0102863	nm0562732	George Trout
tt0102863	nm0236867	Lionel
tt0102863	nm0404232	Carwyn Phillips
tt0102863	nm0180325	Preston Scott
tt0102925	nm0398575	Boy
tt0103020	nm0021691	Ginou
tt0103020	nm0359894	Commissaire Navarro
tt0103020	nm0439748	Barrada
tt0103020	nm0551791	Bain-Marie
tt0103020	nm0712204	Inspecteur René Auquelin
tt0103020	nm0722679	Inspecteur Joseph Blomet
tt0103046	nm0313443	Kriminalhauptkommissar Horst Schimanski
tt0103046	nm0270607	Thanner
tt0103046	nm0559331	Kriminalrat Karl Königsberg
tt0103046	nm0784230	Kriminalhauptkommissar Max Palu
tt0103047	nm0625874	Ivo Batic
tt0103047	nm0905206	Franz Leitmayr
tt0103047	nm0949521	Chow
tt0103047	nm0294914	Röder
tt0103048	nm0472545	Hauptkommissar Paul Stoever
tt0103048	nm0105640	Hauptkommissar Peter Brockmöller
tt0103048	nm0336111	Andi Behrens
tt0103048	nm0686768	Bettina 'Tini' Richards
tt0103049	nm0313443	Schimanski
tt0103049	nm0270607	Thanner
tt0103049	nm0887216	Hänschen
tt0103049	nm0237804	Markus
tt0103050	nm0313443	Schimanski
tt0103050	nm0270607	Christian Thanner
tt0103050	nm0887216	Hänschen
tt0103050	nm0067038	Erwin Spilonska
tt0103051	nm0417659	Inspektor Fichtl
tt0103051	nm0119800	Inspektor Hollocher
tt0103051	nm0664011	Inspektor Winter
tt0103051	nm0233546	Hofrat Dr. Putner
tt0103052	nm0472545	Hauptkommissar Paul Stoever
tt0103052	nm0105640	Hauptkommissar Peter Brockmöller
tt0103052	nm0956288	Thomas Bading
tt0103052	nm0836091	Ulrike Jahn
tt0103053	nm0284296	Kriminalhauptkommissarin Lena Odenthal
tt0103053	nm0065353	Stefan Tries
tt0103053	nm0778005	Mechthild
tt0103053	nm0468643	Sprengler
tt0103054	nm0625874	Ivo Batic
tt0103054	nm0905206	Franz Leitmayr
tt0103054	nm0491596	Georg
tt0103054	nm0491596	Hugo Zenker
tt0103054	nm0883053	Ingrid
tt0103062	nm1707112	Laura Sims
tt0103062	nm0000293	Gabriel Lewis
tt0103062	nm0928134	Michael Evans
tt0103062	nm0178357	Connie Sims
tt0103071	nm0270607	Eberhard Thanner
tt0103071	nm0096509	Peter Fuchs
tt0103071	nm0773292	Thomas Grawe
tt0103071	nm0492458	Kalle
tt0103145	nm0130808	Brian Lance
tt0103145	nm0000585	Paul Lance
tt0103145	nm0265678	Emily Lance
tt0103145	nm0281234	Sherie
tt0103149	nm0343560	Harrys Mutter
tt0103149	nm0483945	Kriminalhauptkommissar Franz Markowitz
tt0103149	nm0551703	Kommissar Gerber
tt0103149	nm0633009	Kommissar Pohl
tt0103149	nm0044642	Eva Markowitz
tt0103149	nm0432619	Lilo
tt0103149	nm0618291	Harry
