{
    "answers": {
        "phase":  "architecture",
        "action":  "architectural decision",
        "scope":   "uml component",
        "action experience":  "fair",
        "prog lang": "n/a",
        "other prog lang": "<fill in>",
        "tool": "chat gpt 4.x",
        "other tool": "<fill in>",
        "tool option": "full",
        "tool experience": "enough",
        "time allocated (h)": "3",
        "time saved estimate (h)": "3", 
        "quality of ai help":  "minor modifications needed",
        "generic feeling":  "great in the future",
        "notes": "Used the tool to generate a component and a deployment diagram, understanding how the front end can be deployed and how the different components interact with each other."
    }
}