{
    "answers": {
        "phase":  "coding",
        "action":  "source code authoring",
        "scope":   "frontend",
        "action experience":  "little",
        "prog lang": "js",
        "other prog lang": "<fill in>",
        "tool": "chat gpt 4.x",
        "other tool": "<fill in>",
        "tool option": "full",
        "tool experience": "enough",
        "time allocated (h)": "0.1",
        "time saved estimate (h)": "1", 
        "quality of ai help":  "ready-to-use",
        "generic feeling":  "great in the future",
        "notes": "We used the header code in the chat and asked for the footer code. The footer code was directly generated. "
    }
}