{
    "answers": {
        "phase":  "coding",
        "action":  "source code authoring",
        "scope":   "api",
        "action experience":  "little",
        "prog lang": "other",
        "other prog lang": "yaml",
        "tool": "chat gpt 4.x",
        "other tool": "<fill in>",
        "tool option": "full",
        "tool experience": "enough",
        "time allocated (h)": "4",
        "time saved estimate (h)": "15", 
        "quality of ai help":  "ready-to-use",
        "generic feeling":  "great as is",
        "notes": "Great help for generating API documentation in yaml format. I used as input the controllers and the routes of the backend and the AI tool generated the documentation in the specified format."
    }
}