{
    "answers": {
        "phase":  "design",
        "action":  "design decision",
        "scope":   "cli",
        "action experience":  "none",
        "prog lang": "js-node",
        "other prog lang": "<fill in>",
        "tool": "chat gpt 4.x",
        "other tool": "<fill in>",
        "tool option": "full",
        "tool experience": "enough",
        "time allocated (h)": "1",
        "time saved estimate (h)": "3", 
        "quality of ai help":  "minor modifications needed",
        "generic feeling":  "great as-is",
        "notes": "Great help for the CLI design. I was able to get a good start on the CLI even though I had no experience with it."
    }
}