{
    "answers": {
        "phase":  "coding",
        "action":  "source code authoring",
        "scope":   "frontend",
        "action experience":  "little",
        "prog lang": "js",
        "other prog lang": "<fill in>",
        "tool": "chat gpt 4.x",
        "other tool": "<fill in>",
        "tool option": "full",
        "tool experience": "enough",
        "time allocated (h)": "5",
        "time saved estimate (h)": "15", 
        "quality of ai help":  "minor modifications needed",
        "generic feeling":  "great as is",
        "notes": "Productive communication with AI about next.js and our frontend app. It really helped me to understand the next.js framework and how to use it."
    }
}