{
    "answers": {
        "phase":  "coding",
        "action":  "source code authoring",
        "scope":   "frontend",
        "action experience":  "little",
        "prog lang": "js",
        "other prog lang": "<fill in>",
        "tool": "chat gpt 4.x",
        "other tool": "<fill in>",
        "tool option": "full",
        "tool experience": "enough",
        "time allocated (h)": "10",
        "time saved estimate (h)": "30", 
        "quality of ai help":  "minor modifications needed",
        "generic feeling":  "great in the future",
        "notes": "Great results taking into account our limited knoledge on next.js and react. ChatGPT helped us to understand the structure of the code and the way to implement the changes we wanted to do."
    }
}