{
    "answers": {
        "phase":  "requirements specification",
        "action":  "use case specification",
        "scope":   "uml other",
        "action experience":  "none",
        "prog lang": "n/a",
        "other prog lang": "<fill in>",
        "tool": "chat gpt 4.x",
        "other tool": "<fill in>",
        "tool option": "full",
        "tool experience": "enough",
        "time allocated (h)": "2",
        "time saved estimate (h)": "3", 
        "quality of ai help":  "minor modifications needed",
        "generic feeling":  "great as-is",
        "notes": "<fill in>"
    }
}