{
    "answers": {
        "phase":  "coding",
        "action":  "source code authoring",
        "scope":   "cli",
        "action experience":  "none",
        "prog lang": "js-node",
        "other prog lang": "<fill in>",
        "tool": "chat gpt 4.x",
        "other tool": "<fill in>",
        "tool option": "full",
        "tool experience": "enough",
        "time allocated (h)": "10",
        "time saved estimate (h)": "20", 
        "quality of ai help":  "minor modifications needed",
        "generic feeling":  "great as-is",
        "notes": "Great help for the CLI tool. I was providing the REST API endpoints and routes and the tool was providing the code for the corresponding CLI commands. I was able to use the code as-is with minor modifications."
    }
}