{
    "answers": {
        "phase":  "architecture",
        "action":  "architectural decision",
        "scope":   "frontend",
        "action experience":  "little",
        "prog lang": "js",
        "other prog lang": "<fill in>",
        "tool": "chat gpt 4.x",
        "other tool": "<fill in>",
        "tool option": "full",
        "tool experience": "enough",
        "time allocated (h)": "1",
        "time saved estimate (h)": "3", 
        "quality of ai help":  "minor modifications needed",
        "generic feeling":  "great in the future",
        "notes": "Great help in deciding the architecture of the frontend and its interaction with the API"
    }
}