{
    "answers": {
        "phase": "architecture",
        "action": "use case specification",
        "scope": "uml activity",
        "action experience": "none",
        "prog lang": "n/a",
        "other prog lang": "<fill in>",
        "tool":  "chat gpt 4.x", 
        "other tool": "<fill in>",
        "tool option":"full",
        "tool experience": "enough",
        "time allocated (h)": "2",
        "time saved estimate (h)": "10", 
        "quality of ai help": "minor modifications needed",
        "generic feeling": "great in the future",
        "notes": "<fill in>"
    }
}